{"roi_top_left": [2847, 2487], "roi_bottom_right": [3361, 3176], "homography": [[3.616323802189077, 12.953765027049242, -374.8016436677185], [-0.1381267514371205, 18.620794928356265, -1346.257903111773], [-6.646612254312786e-05, 0.0042354224383084, 1.0]], "homography_x": 6000, "homography_y": 3396}